{"stats":{"minecraft:killed":{"minecraft:zombie":1,"minecraft:pig":3},"minecraft:used":{"byg:jacaranda_log":20,"minecraft:stone_pickaxe":39,"minecraft:stone_axe":88,"minecraft:torch":2,"minecraft:cobblestone":3,"minecraft:porkchop":5,"minecraft:cooked_porkchop":2},"minecraft:crafted":{"byg:jacaranda_planks":4,"minecraft:torch":4},"minecraft:custom":{"minecraft:time_since_rest":32192,"minecraft:interact_with_furnace":1,"minecraft:sprint_one_cm":30226,"minecraft:damage_taken":255,"minecraft:walk_one_cm":44246,"minecraft:mob_kills":4,"minecraft:damage_dealt":320,"minecraft:interact_with_crafting_table":1,"minecraft:fly_one_cm":33260,"minecraft:open_chest":1,"minecraft:crouch_one_cm":81,"minecraft:play_time":40226,"tombstone:undead_killed":1,"minecraft:sneak_time":79,"minecraft:walk_under_water_one_cm":1723,"minecraft:jump":298,"minecraft:leave_game":2,"minecraft:time_since_death":40226,"minecraft:walk_on_water_one_cm":1467,"minecraft:sleep_in_bed":1,"minecraft:climb_one_cm":4671,"minecraft:total_world_time":40226,"minecraft:fall_one_cm":9416},"minecraft:picked_up":{"hexerei:animal_fat":1,"minecraft:stick":2,"minecraft:porkchop":5,"byg:indigo_jacaranda_sapling":4,"byg:jacaranda_log":61,"minecraft:coal":3,"minecraft:cobblestone":35,"minecraft:furnace":1},"minecraft:mined":{"byg:flowering_indigo_jacaranda_leaves":3,"minecraft:furnace":1,"minecraft:grass":3,"byg:indigo_jacaranda_leaves":14,"minecraft:coal_ore":3,"byg:jacaranda_log":61,"minecraft:cobblestone":1,"minecraft:stone":34}},"DataVersion":2975}