{"stats":{"minecraft:picked_up":{"minecraft:birch_log":8,"dynamictrees:birch_seed":1,"minecraft:stick":12,"minecraft:spider_eye":1,"minecraft:string":1},"minecraft:custom":{"minecraft:jump":25,"minecraft:time_since_rest":2077,"minecraft:damage_dealt":160,"minecraft:crouch_one_cm":55,"minecraft:sprint_one_cm":5787,"minecraft:play_time":2077,"minecraft:damage_taken":110,"minecraft:time_since_death":2077,"minecraft:walk_one_cm":3491,"minecraft:sneak_time":32,"minecraft:total_world_time":2077,"minecraft:mob_kills":1,"minecraft:fall_one_cm":627,"minecraft:fly_one_cm":3998,"minecraft:leave_game":1},"minecraft:killed":{"minecraft:spider":1},"minecraft:used":{"minecraft:stone_axe":3}},"DataVersion":2975}