{"stats":{"minecraft:used":{"minecraft:stone_sword":6,"minecraft:birch_planks":50,"minecraft:chicken":1,"minecraft:stone_shovel":16,"minecraft:stone_pickaxe":45,"carryon:entity_item":2,"dynamictrees:birch_seed":1,"minecraft:rotten_flesh":1,"minecraft:stone_axe":32,"minecraft:crafting_table":1,"minecraft:furnace":1,"minecraft:porkchop":4,"tombstone:gift":1,"dramaticdoors:tall_birch_door":1},"minecraft:killed":{"minecraft:skeleton":1,"minecraft:pig":7,"minecraft:chicken":1,"minecraft:drowned":1,"minecraft:spider":1},"minecraft:mined":{"minecraft:birch_planks":3,"byg:white_sand":16,"croptopia:lettuce_crop":1,"byg:prairie_grass":2,"minecraft:pumpkin":1,"minecraft:grass":9,"minecraft:coal_ore":10,"minecraft:tall_grass":1,"minecraft:stone":34,"byg:tall_prairie_grass":6},"minecraft:custom":{"minecraft:time_since_rest":34892,"minecraft:interact_with_furnace":1,"minecraft:sprint_one_cm":43957,"minecraft:damage_taken":665,"minecraft:walk_one_cm":54696,"minecraft:mob_kills":11,"minecraft:damage_dealt":1301,"minecraft:interact_with_crafting_table":3,"minecraft:swim_one_cm":4782,"minecraft:fly_one_cm":52465,"tombstone:undead_killed":2,"minecraft:crouch_one_cm":57,"minecraft:play_time":37606,"minecraft:deaths":1,"minecraft:sneak_time":118,"minecraft:walk_under_water_one_cm":409,"minecraft:jump":340,"minecraft:leave_game":2,"minecraft:time_since_death":34861,"minecraft:walk_on_water_one_cm":459,"minecraft:total_world_time":37606,"minecraft:fall_one_cm":6773},"minecraft:killed_by":{"minecraft:skeleton":1},"minecraft:crafted":{"minecraft:crafting_table":1,"minecraft:furnace":1,"minecraft:birch_door":3,"minecraft:birch_planks":60,"dramaticdoors:tall_birch_door":2},"minecraft:picked_up":{"hexerei:animal_fat":2,"minecraft:birch_log":23,"minecraft:stick":42,"minecraft:feather":2,"minecraft:chicken":1,"minecraft:pumpkin":1,"minecraft:birch_planks":3,"minecraft:porkchop":15,"minecraft:oak_log":6,"byg:white_sand":15,"minecraft:string":2,"minecraft:spider_eye":2,"alexsmobs:animal_dictionary":1,"croptopia:lettuce":1,"minecraft:rotten_flesh":1,"byg:biomepedia":1,"minecraft:stone_sword":1,"minecraft:arrow":1,"minecraft:stone_shovel":1,"minecraft:stone_axe":1,"dynamictrees:birch_seed":4,"minecraft:stone_pickaxe":1,"tombstone:bag_of_seeds":1,"dynamictrees:oak_seed":5,"minecraft:coal":10,"minecraft:cobblestone":34}},"DataVersion":2975}